ID,name,password
157,Cale Padilla,password123
132,Aubree Gordon,password123
207,Kendrick Holt,password123
274,Elliott Chaney,password123
276,Ryker Pace,password123
153,Deven Chapman,password123
320,Brogan Barrett,password123
396,Mathew Lester,password123
253,Matias Roman,password123
309,Holden Wu,password123
116,Israel Benson,password123
302,Victor Munoz,password123
313,Fisher Hutchinson,password123
135,Donte Faulkner,password123
242,Kody Hayden,password123
319,Delaney Hunter,password123
177,Jamya Avila,password123
155,Justine Chung,password123
398,Savanah Herring,password123
252,Dillan Simon,password123
306,Hallie Henson,password123
325,Tyree Bolton,password123
125,Jaidyn Cervantes,password123
254,Jadyn Klein,password123
397,Chanel Mcpherson,password123
196,Lizbeth Kramer,password123
198,Greta Robbins,password123
363,Nikolas Rollins,password123
273,Amiah Ashley,password123
119,Liberty Mccall,password123
183,Sage Sutton,password123
120,Jerry Freeman,password123
283,Jordyn Downs,password123
103,Laila Bennett,password123
204,Matilda Juarez,password123
303,Anaya Dominguez,password123
233,Steve Guzman,password123
375,Kyra Russell,password123
147,Kara Walker,password123
392,Lina Holden,password123
188,Veronica Haley,password123
215,Donavan Bryan,password123
259,Savanna Novak,password123
176,Zoe Stout,password123
294,Beckham Maldonado,password123
180,Lailah Marshall,password123
285,Gabriela Hernandez,password123
237,Trystan Benjamin,password123
258,Lilah Church,password123
367,Conor Bell,password123
184,Angie York,password123
246,Santino Mcmillan,password123
171,Miah Clark,password123
286,Ireland Mahoney,password123
148,Cora Lawrence,password123
143,Jenny Kirk,password123
158,Alexander Rivas,password123
297,Jovanny Rodgers,password123
265,Juan Curtis,password123
272,Melissa Horton,password123
271,Adrienne Werner,password123
387,Skyler Roberson,password123
354,Ava Aguirre,password123
187,Chana Pineda,password123
141,Zane Price,password123
262,Augustus Castro,password123
388,Lane Carpenter,password123
378,Terrell Acosta,password123
236,Gael Vaughn,password123
235,Leon Barry,password123
193,Dakota Burke,password123
165,Victoria Williams,password123
316,Lewis Forbes,password123
298,Lyric Petty,password123
146,Alexa Chang,password123
307,Marquis Case,password123
194,Monica Leblanc,password123
389,Callie Noble,password123
329,Alayna May,password123
373,Mila Day,password123
337,Landin Merritt,password123
301,Dylan Boone,password123
248,Cooper Sexton,password123
336,Madalynn Carey,password123
105,Miya Mack,password123
234,Kallie Harding,password123
175,Kirsten Mccarthy,password123
383,Elaina Hart,password123
150,Adam Lutz,password123
182,Areli Braun,password123
179,Kamryn Clements,password123
245,Harper Briggs,password123
257,Santos Riggs,password123
352,Elias Luna,password123
308,Yael Cameron,password123
169,Javier Wilson,password123
362,Adriana Becker,password123
287,Jaime Abbott,password123
111,Armani Short,password123
156,Dean Reese,password123
357,Darren Macias,password123
138,Courtney Webster,password123
128,Allie Estes,password123
260,Alivia Boyd,password123
142,Jasper Lyons,password123
322,Darian Mclaughlin,password123
364,Leia Arnold,password123
238,Ana Lucero,password123
353,Naomi Frey,password123
123,Jakob Chan,password123
358,Justus Hines,password123
217,Wendy Pruitt,password123
114,Sebastian Bartlett,password123
127,Alfred Shields,password123
197,Rylee Hudson,password123
304,Malia Flynn,password123
281,Jordon Miles,password123
343,Kaia Mann,password123
328,Madison Mendoza,password123
341,Collin Hess,password123
152,Emelia Vance,password123
338,Manuel Saunders,password123
365,Luna Gomez,password123
168,Ari Liu,password123
124,Malakai Ball,password123
293,Aryanna Mcconnell,password123
299,Milo Stephens,password123
227,Leanna Perry,password123
266,Hezekiah Hester,password123
110,Zara Carlson,password123
361,Omar Reyes,password123
218,Nayeli Vasquez,password123
385,Yareli Krueger,password123
346,Bailey Dean,password123
134,Malik Cummings,password123
210,Hayden Hill,password123
211,Ruben Flowers,password123
106,Gerardo Mcfarland,password123
359,Dominique Mullins,password123
192,Noah Ortiz,password123
226,Draven Villegas,password123
292,Morgan Edwards,password123
256,Walker Humphrey,password123
323,Andrea Velez,password123
206,Tiara Larson,password123
311,Luz Beltran,password123
374,Trevor Anthony,password123
203,Griffin Cox,password123
129,Gregory Wilkerson,password123
344,Jayson Andersen,password123
339,Milagros Bender,password123
300,Ryleigh Mercado,password123
136,Jagger Mcknight,password123
349,Marlon Mccullough,password123
104,Katelyn Frazier,password123
312,Keshawn Craig,password123
191,Danica Huynh,password123
228,Barbara Michael,password123
290,Phillip Farmer,password123
208,Josiah Koch,password123
295,Meadow Underwood,password123
333,Jamal Ross,password123
279,Cynthia Moreno,password123
275,Kristen Wallace,password123
345,Yaritza Webb,password123
144,Wayne Jacobson,password123
185,Charles Mueller,password123
199,Jaron Burgess,password123
241,Will Daugherty,password123
160,Patricia Alvarado,password123
219,Boston Walters,password123
243,Jermaine Davies,password123
186,Marley Glenn,password123
159,Marc Arias,password123
390,Drake George,password123
244,Randy Villa,password123
229,Aydin Valdez,password123
360,Bailee Murillo,password123
264,Branden Stafford,password123
121,Shawn Hobbs,password123
330,Dennis Hurst,password123
356,Denisse Wiggins,password123
164,Guillermo Holder,password123
263,Alisha Snow,password123
340,Maximo Reed,password123
369,Kylan Mora,password123
239,Vicente Moon,password123
130,Bryanna Mcmahon,password123
195,Harper Li,password123
225,Keaton Jones,password123
268,Alexus Lee,password123
348,Levi Matthews,password123
347,Dashawn Massey,password123
384,Cordell Brock,password123
355,Davin Beck,password123
370,Bruno Jenkins,password123
321,Tristan Lynn,password123
189,Isaias Zuniga,password123
113,Rachael Cuevas,password123
162,Joy Peterson,password123
